Date,Name,Year,Letterboxd URI,Rating
2023-07-14,Parasite,2019,https://boxd.it/hTha,5
2023-07-14,Everything Everywhere All at Once,2022,https://boxd.it/jUk4,4.5
2023-07-14,Fight Club,1999,https://boxd.it/2a9q,4
2023-07-14,Joker,2019,https://boxd.it/h4cS,4
2023-07-14,The Batman,2022,https://boxd.it/eDGs,4
2023-07-14,Spider-Man: Into the Spider-Verse,2018,https://boxd.it/azpY,4
2023-07-14,Interstellar,2014,https://boxd.it/4VZ8,5
2023-07-14,La La Land,2016,https://boxd.it/a5fa,5
2023-07-14,Spider-Man: No Way Home,2021,https://boxd.it/nwRw,3.5
2023-07-14,The Menu,2022,https://boxd.it/lScm,3
2023-07-14,The Wolf of Wall Street,2013,https://boxd.it/3C1m,4
2023-07-14,Once Upon a Time... in Hollywood,2019,https://boxd.it/gH0O,3.5
2023-07-14,The Truman Show,1998,https://boxd.it/18U8,5
2023-07-14,Spirited Away,2001,https://boxd.it/2b4m,5
2023-07-14,Eternal Sunshine of the Spotless Mind,2004,https://boxd.it/6YK,5
2023-07-14,Inglourious Basterds,2009,https://boxd.it/1JzG,4
2023-07-14,Avengers: Endgame,2019,https://boxd.it/9vE4,3.5
2023-07-14,Black Panther,2018,https://boxd.it/8MHs,3
2023-07-14,Se7en,1995,https://boxd.it/29zs,4
2023-07-14,Django Unchained,2012,https://boxd.it/2cCk,4
2023-07-14,Black Swan,2010,https://boxd.it/Sw0,4
2023-07-14,The Silence of the Lambs,1991,https://boxd.it/2aHW,4
2023-07-14,Guardians of the Galaxy,2014,https://boxd.it/3VH2,3.5
2023-07-14,The Godfather,1972,https://boxd.it/2aNK,4.5
2023-07-14,Jojo Rabbit,2019,https://boxd.it/iEBG,4
2023-07-14,Kill Bill: Vol. 1,2003,https://boxd.it/70w,5
2023-07-14,The Matrix,1999,https://boxd.it/2a1m,4.5
2023-07-14,Call Me by Your Name,2017,https://boxd.it/dYmm,3.5
2023-07-14,Scott Pilgrim vs. the World,2010,https://boxd.it/1Aq6,3.5
2023-07-14,Don't Look Up,2021,https://boxd.it/o0Hc,3
2023-07-14,Blade Runner 2049,2017,https://boxd.it/b8wK,5
2023-07-14,Spider-Man: Homecoming,2017,https://boxd.it/aboM,3
2023-07-14,Coco,2017,https://boxd.it/bYJQ,4
2023-07-14,The Lord of the Rings: The Fellowship of the Ring,2001,https://boxd.it/2b5O,5
2023-07-14,The Shawshank Redemption,1994,https://boxd.it/2aHi,5
2023-07-14,Doctor Strange in the Multiverse of Madness,2022,https://boxd.it/gaTc,3
2023-07-14,Star Wars,1977,https://boxd.it/72s,3.5
2023-07-14,Soul,2020,https://boxd.it/ioLA,3.5
2023-07-14,The Perks of Being a Wallflower,2012,https://boxd.it/2ZA8,4.5
2023-07-14,Deadpool,2016,https://boxd.it/9fOC,3
2023-07-14,Spider-Man: Far From Home,2019,https://boxd.it/fegG,3
2023-07-14,Moonlight,2016,https://boxd.it/d6bE,3.5
2023-07-14,Donnie Darko,2001,https://boxd.it/2b2A,3.5
2023-07-14,Dead Poets Society,1989,https://boxd.it/2aSg,4
2023-07-14,Back to the Future,1985,https://boxd.it/2b8e,5
2023-07-14,Titanic,1997,https://boxd.it/2a2k,3.5
2023-07-14,10 Things I Hate About You,1999,https://boxd.it/23AO,3.5
2023-07-14,Dunkirk,2017,https://boxd.it/d0Y6,4
2023-07-14,WALL·E,2008,https://boxd.it/1VEo,3.5
2023-07-14,Nightcrawler,2014,https://boxd.it/780m,3.5
2023-07-14,Guardians of the Galaxy Vol. 2,2017,https://boxd.it/8MxC,3.5
2023-07-14,The Empire Strikes Back,1980,https://boxd.it/27Vw,4
2023-07-14,No Country for Old Men,2007,https://boxd.it/21ew,4.5
2023-07-14,Marriage Story,2019,https://boxd.it/hJAw,4
2023-07-14,It,2017,https://boxd.it/bC8e,3.5
2023-07-14,2001: A Space Odyssey,1968,https://boxd.it/2bf0,2.5
2023-07-14,Puss in Boots: The Last Wish,2022,https://boxd.it/aaie,3.5
2023-07-14,X,2022,https://boxd.it/sxVa,3.5
2023-07-14,Tenet,2020,https://boxd.it/leq4,3.5
2023-07-14,Doctor Strange,2016,https://boxd.it/8MH8,3.5
2023-07-14,Iron Man,2008,https://boxd.it/28dA,3
2023-07-14,Spider-Man,2002,https://boxd.it/2a8i,3.5
2023-07-14,Star Wars: The Force Awakens,2015,https://boxd.it/4vru,3
2023-07-14,"The French Dispatch of the Liberty, Kansas Evening Sun",2021,https://boxd.it/jLP8,4
2023-07-14,Howl's Moving Castle,2004,https://boxd.it/23De,4
2023-07-14,Toy Story,1995,https://boxd.it/29qA,3.5
2023-07-14,Memento,2000,https://boxd.it/2bcK,3.5
2023-07-14,(500) Days of Summer,2009,https://boxd.it/1EmM,4
2023-07-14,Reservoir Dogs,1992,https://boxd.it/2agc,3.5
2023-07-14,The Lord of the Rings: The Return of the King,2003,https://boxd.it/2b5u,5
2023-07-14,My Neighbor Totoro,1988,https://boxd.it/20eA,4
2023-07-14,Catch Me If You Can,2002,https://boxd.it/29VS,4
2023-07-14,The Dark Knight Rises,2012,https://boxd.it/H3m,3.5
2023-07-14,Alien,1979,https://boxd.it/2awY,3.5
2023-07-14,Thor: Love and Thunder,2022,https://boxd.it/mMAY,2.5
2023-07-14,The Lord of the Rings: The Two Towers,2002,https://boxd.it/2b5E,5
2023-07-14,Spider-Man 2,2004,https://boxd.it/2a88,5
2023-07-14,Mean Girls,2004,https://boxd.it/1VNg,5
2023-07-14,"Monsters, Inc.",2001,https://boxd.it/2a46,4
2023-07-14,Requiem for a Dream,2000,https://boxd.it/29VI,4
2023-07-14,Ex Machina,2015,https://boxd.it/7T2k,3.5
2023-07-14,Star Wars: The Last Jedi,2017,https://boxd.it/5xme,2.5
2023-07-14,Black Widow,2021,https://boxd.it/hWV8,3
2023-07-14,Shang-Chi and the Legend of the Ten Rings,2021,https://boxd.it/kLDI,3.5
2023-07-14,Lost in Translation,2003,https://boxd.it/2b0E,4
2023-07-14,Birdman or (The Unexpected Virtue of Ignorance),2014,https://boxd.it/5RFA,4.5
2023-07-14,Psycho,1960,https://boxd.it/2ab2,3
2023-07-14,Pearl,2022,https://boxd.it/zPbe,4.5
2023-07-14,Return of the Jedi,1983,https://boxd.it/27Vm,3.5
2023-07-14,Harry Potter and the Goblet of Fire,2005,https://boxd.it/29Qo,3.5
2023-07-14,Superbad,2007,https://boxd.it/20hO,3.5
2023-07-14,Moonrise Kingdom,2012,https://boxd.it/2Wng,3.5
2023-07-14,Encanto,2021,https://boxd.it/kPRu,4
2023-07-14,Harry Potter and the Chamber of Secrets,2002,https://boxd.it/29QI,3.5
2023-07-14,There Will Be Blood,2007,https://boxd.it/20Z2,5
2023-07-14,The Martian,2015,https://boxd.it/8SeG,4
2023-07-14,Rogue One: A Star Wars Story,2016,https://boxd.it/aPvy,4
2023-07-14,Ant-Man,2015,https://boxd.it/3vmW,3
2023-07-14,Amélie,2001,https://boxd.it/2aUc,3
2023-07-14,Harry Potter and the Deathly Hallows: Part 2,2011,https://boxd.it/1RYk,3.5
2023-07-14,Star Wars: Episode III – Revenge of the Sith,2005,https://boxd.it/27US,5
2023-07-14,The Departed,2006,https://boxd.it/28MA,4
2023-07-14,Schindler's List,1993,https://boxd.it/2aq2,5
2023-07-14,Split,2016,https://boxd.it/dgSy,2
2023-07-14,The Big Lebowski,1998,https://boxd.it/2b6C,4.5
2023-07-14,Booksmart,2019,https://boxd.it/igNS,3.5
2023-07-14,The Revenant,2015,https://boxd.it/8H5e,3.5
2023-07-14,Harry Potter and the Order of the Phoenix,2007,https://boxd.it/29Qe,3
2023-07-14,Star Wars: The Rise of Skywalker,2019,https://boxd.it/5xlK,0.5
2023-07-14,Turning Red,2022,https://boxd.it/ipkq,3
2023-07-14,Ferris Bueller's Day Off,1986,https://boxd.it/1YPY,3.5
2023-07-14,"I, Tonya",2017,https://boxd.it/dzR0,3.5
2023-07-14,The Devil Wears Prada,2006,https://boxd.it/2awE,4
2023-07-14,The Godfather Part II,1974,https://boxd.it/2aNq,4
2023-07-14,American Beauty,1999,https://boxd.it/71Y,4
2023-07-14,The Amazing Spider-Man,2012,https://boxd.it/27PI,3
2023-07-14,Kill Bill: Vol. 2,2004,https://boxd.it/2au4,5
2023-07-14,Juno,2007,https://boxd.it/210a,3.5
2023-07-14,Harry Potter and the Deathly Hallows: Part 1,2010,https://boxd.it/1RYu,3.5
2023-07-14,Star Wars: Episode I – The Phantom Menace,1999,https://boxd.it/27Vc,3
2023-07-14,Deadpool 2,2018,https://boxd.it/dlLM,3
2023-07-14,Saving Private Ryan,1998,https://boxd.it/29ro,4
2023-07-14,Iron Man 3,2013,https://boxd.it/2cBQ,3
2023-07-14,Raiders of the Lost Ark,1981,https://boxd.it/2bbs,3.5
2023-07-14,Eternals,2021,https://boxd.it/j36o,3
2023-07-14,Clueless,1995,https://boxd.it/1Ygk,3.5
2023-07-14,The Nightmare Before Christmas,1993,https://boxd.it/1YzQ,3.5
2023-07-14,Incredibles 2,2018,https://boxd.it/7IPg,2.5
2023-07-14,Trainspotting,1996,https://boxd.it/29XY,3.5
2023-07-14,"tick, tick... BOOM!",2021,https://boxd.it/jz2e,4
2023-07-14,Scarface,1983,https://boxd.it/2b7g,3.5
2023-07-14,Edward Scissorhands,1990,https://boxd.it/2aZc,3.5
2023-07-14,Iron Man 2,2010,https://boxd.it/1WZM,2.5
2023-07-14,Zootopia,2016,https://boxd.it/84xS,2.5
2023-07-14,The Great Gatsby,2013,https://boxd.it/JY,2
2023-07-14,Tangled,2010,https://boxd.it/15gO,3
2023-07-14,Your Name.,2016,https://boxd.it/cUqs,5
2023-07-14,Isle of Dogs,2018,https://boxd.it/dZrW,3
2023-07-14,The Royal Tenenbaums,2001,https://boxd.it/1YHU,3.5
2023-07-14,Suicide Squad,2016,https://boxd.it/9row,1.5
2023-07-14,Wonder Woman,2017,https://boxd.it/9roG,3.5
2023-07-14,Star Wars: Episode II – Attack of the Clones,2002,https://boxd.it/27V2,3
2023-07-14,The Nice Guys,2016,https://boxd.it/94Hg,3.5
2023-07-14,Pan's Labyrinth,2006,https://boxd.it/28No,5
2023-07-14,Twilight,2008,https://boxd.it/1Zui,2
2023-07-14,Spider-Man 3,2007,https://boxd.it/2a7Y,3.5
2023-07-14,Moana,2016,https://boxd.it/8tfY,3.5
2023-07-14,Ant-Man and the Wasp,2018,https://boxd.it/cqUW,2
2023-07-14,Shaun of the Dead,2004,https://boxd.it/29J8,3.5
2023-07-14,Big Hero 6,2014,https://boxd.it/5rje,2.5
2023-07-14,Vertigo,1958,https://boxd.it/2apI,4
2023-07-14,About Time,2013,https://boxd.it/43bI,4
2023-07-14,Jennifer's Body,2009,https://boxd.it/1Efw,3.5
2023-07-14,Mamma Mia!,2008,https://boxd.it/1Tnq,3.5
2023-07-14,Toy Story 4,2019,https://boxd.it/9ALu,3.5
2023-07-14,One Flew Over the Cuckoo's Nest,1975,https://boxd.it/2aeA,4
2023-07-14,E.T. the Extra-Terrestrial,1982,https://boxd.it/2a1G,4
2023-07-14,Frozen,2013,https://boxd.it/3GNa,3
2023-07-14,John Wick: Chapter 2,2017,https://boxd.it/ayGu,3.5
2023-07-14,Train to Busan,2016,https://boxd.it/dSQU,4
2023-07-14,Thor: The Dark World,2013,https://boxd.it/2DqA,2
2023-07-14,The Conjuring,2013,https://boxd.it/4sr2,3.5
2023-07-14,Room,2015,https://boxd.it/7T0y,3.5
2023-07-14,Ocean's Eleven,2001,https://boxd.it/2aZm,3.5
2023-07-14,The Imitation Game,2014,https://boxd.it/6aig,4
2023-07-14,Charlie and the Chocolate Factory,2005,https://boxd.it/2b68,3
2023-07-14,It Chapter Two,2019,https://boxd.it/h10u,3
2023-07-14,The Amazing Spider-Man 2,2014,https://boxd.it/3utM,1.5
2023-07-14,How to Train Your Dragon,2010,https://boxd.it/1WRy,3.5
2023-07-14,Zombieland,2009,https://boxd.it/1En6,3.5
2023-07-14,The Hangover,2009,https://boxd.it/1GjK,3
2023-07-14,Beetlejuice,1988,https://boxd.it/24QI,3.5
2023-07-14,Silver Linings Playbook,2012,https://boxd.it/2TTo,4
2023-07-14,Phantom Thread,2017,https://boxd.it/e4uc,4.5
2023-07-14,The Queen's Gambit,2020,https://boxd.it/s1Ym,4
2023-07-14,Akira,1988,https://boxd.it/2b1i,3.5
2023-07-14,Over the Garden Wall,2014,https://boxd.it/eqFw,4
2023-07-14,Seven Samurai,1954,https://boxd.it/2axi,4
2023-07-14,Corpse Bride,2005,https://boxd.it/24WQ,3.5
2023-07-14,Easy A,2010,https://boxd.it/17DK,3
2023-07-14,Children of Men,2006,https://boxd.it/1Y2i,4
2023-07-14,It Follows,2014,https://boxd.it/87wo,3.5
2023-07-14,The Green Mile,1999,https://boxd.it/2agG,4
2023-07-14,Midnight in Paris,2011,https://boxd.it/i4a,3.5
2023-07-14,Ford v Ferrari,2019,https://boxd.it/ce74,3.5
2023-07-14,21 Jump Street,2012,https://boxd.it/J0,3.5
2023-07-14,Mulan,1998,https://boxd.it/1VFw,4
2023-07-14,The Curious Case of Benjamin Button,2008,https://boxd.it/23Fk,3.5
2023-07-14,The Cabin in the Woods,2011,https://boxd.it/1zOc,3.5
2023-07-14,Solo: A Star Wars Story,2018,https://boxd.it/bGWs,3
2023-07-14,Ponyo,2008,https://boxd.it/1S0A,5
2023-07-14,The Hunger Games: Mockingjay – Part 1,2014,https://boxd.it/4hka,3
2023-07-14,Batman v Superman: Dawn of Justice,2016,https://boxd.it/6fBW,2
2023-07-14,Carrie,1976,https://boxd.it/20ZQ,3
2023-07-14,Dr. Strangelove or: How I Learned to Stop Worrying and Love the Bomb,1964,https://boxd.it/29eY,3.5
2023-07-14,The Notebook,2004,https://boxd.it/1UNE,3.5
2023-07-14,WandaVision,2021,https://boxd.it/sbGW,2.5
2023-07-14,Ocean's Eight,2018,https://boxd.it/eaai,2.5
2023-07-14,Wreck-It Ralph,2012,https://boxd.it/2TTS,3.5
2023-07-14,Shazam!,2019,https://boxd.it/8WBu,3
2023-07-14,Finding Dory,2016,https://boxd.it/4aAA,3.5
2023-07-14,The Terminator,1984,https://boxd.it/2aQY,3.5
2023-07-14,Bo Burnham: Inside,2021,https://boxd.it/v2uy,5
2023-07-14,"Crazy, Stupid, Love.",2011,https://boxd.it/D9A,4
2023-07-14,Indiana Jones and the Last Crusade,1989,https://boxd.it/2baO,3.5
2023-07-14,Nocturnal Animals,2016,https://boxd.it/bkFu,3.5
2023-07-14,Brave,2012,https://boxd.it/bVG,3
2023-07-14,X-Men: Days of Future Past,2014,https://boxd.it/4aRw,3.5
2023-07-14,"The Good, the Bad and the Ugly",1966,https://boxd.it/2ape,4.5
2023-07-14,Raw,2016,https://boxd.it/dLd2,5
2023-07-14,The Usual Suspects,1995,https://boxd.it/29XE,3.5
2023-07-14,Rocky,1976,https://boxd.it/28Uk,5
2023-07-14,The Hobbit: An Unexpected Journey,2012,https://boxd.it/GZk,3
2023-07-14,Titane,2021,https://boxd.it/nlQC,3
2023-07-14,The Hunger Games: Mockingjay – Part 2,2015,https://boxd.it/4hk0,3.5
2023-07-14,Aliens,1986,https://boxd.it/29PA,3.5
2023-07-14,Pitch Perfect,2012,https://boxd.it/3OsE,3.5
2023-07-14,Aladdin,1992,https://boxd.it/29yE,3.5
2023-07-14,Enemy,2013,https://boxd.it/5xtO,4
2023-07-14,Now You See Me,2013,https://boxd.it/2Bsu,2.5
2023-07-14,13 Going on 30,2004,https://boxd.it/1X6e,3.5
2023-07-14,Indiana Jones and the Temple of Doom,1984,https://boxd.it/2bb8,3.5
2023-07-14,Grease,1978,https://boxd.it/29YW,2.5
2023-07-14,The Girl with the Dragon Tattoo,2011,https://boxd.it/2Pa,3.5
2023-07-14,Man of Steel,2013,https://boxd.it/FRk,3.5
2023-07-14,10 Cloverfield Lane,2016,https://boxd.it/aZiu,3.5
2023-07-14,Zack Snyder's Justice League,2021,https://boxd.it/tLOk,3
2023-07-14,The Evil Dead,1981,https://boxd.it/29Go,2
2023-07-14,Alice in Wonderland,2010,https://boxd.it/1Spq,2.5
2023-07-14,The Master,2012,https://boxd.it/2cBG,4
2023-07-14,Dazed and Confused,1993,https://boxd.it/1Ylk,3.5
2023-07-14,Elf,2003,https://boxd.it/1VyK,3.5
2023-07-14,Men in Black,1997,https://boxd.it/2a0I,3.5
2023-07-14,Monty Python and the Holy Grail,1975,https://boxd.it/29GI,3.5
2023-07-14,Kick-Ass,2010,https://boxd.it/1zaQ,3
2023-07-14,The Emperor's New Groove,2000,https://boxd.it/1Tey,4
2023-07-14,The Babadook,2014,https://boxd.it/77xu,3
2023-07-14,Edge of Tomorrow,2014,https://boxd.it/4pD0,3.5
2023-07-14,Old,2021,https://boxd.it/npKI,2.5
2023-07-14,Wonder Woman 1984,2020,https://boxd.it/gBtA,1.5
2023-07-14,In Bruges,2008,https://boxd.it/20n8,4.5
2023-07-14,Megamind,2010,https://boxd.it/16Sk,3.5
2023-07-14,Atonement,2007,https://boxd.it/24ui,4
2023-07-14,Dallas Buyers Club,2013,https://boxd.it/4O8G,4.5
2023-07-14,The Theory of Everything,2014,https://boxd.it/7YtA,3.5
2023-07-14,The Father,2020,https://boxd.it/m8Ie,3.5
2023-07-14,Saw,2004,https://boxd.it/2aWW,3
2023-07-14,Onward,2020,https://boxd.it/io92,3
2023-07-14,Lilo & Stitch,2002,https://boxd.it/1TAY,4
2023-07-14,X-Men: First Class,2011,https://boxd.it/FOA,3
2023-07-14,Creed,2015,https://boxd.it/a2qk,3.5
2023-07-14,Rushmore,1998,https://boxd.it/1TAO,4
2023-07-14,The Incredible Hulk,2008,https://boxd.it/28dU,3
2023-07-14,Into the Wild,2007,https://boxd.it/22m2,3.5
2023-07-14,Slumdog Millionaire,2008,https://boxd.it/1S3E,3.5
2023-07-14,Zoolander,2001,https://boxd.it/1YMA,3
2023-07-14,The Graduate,1967,https://boxd.it/18Im,3.5
2023-07-14,The Disaster Artist,2017,https://boxd.it/cTqc,3
2023-07-14,Frozen II,2019,https://boxd.it/aPvo,3
2023-07-14,The Matrix Reloaded,2003,https://boxd.it/2a1c,3
2023-07-14,World War Z,2013,https://boxd.it/2p2E,2.5
2023-07-14,Snatch,2000,https://boxd.it/2b7U,3.5
2023-07-14,Watchmen,2009,https://boxd.it/1QE4,4
2023-07-14,Beauty and the Beast,1991,https://boxd.it/1XhG,4.5
2023-07-14,Loki,2021,https://boxd.it/sbHg,3
2023-07-14,The Hobbit: The Desolation of Smaug,2013,https://boxd.it/nmS,2
2023-07-14,Under the Skin,2013,https://boxd.it/3mDa,3.5
2023-07-14,Home Alone 2: Lost in New York,1992,https://boxd.it/29F6,3.5
2023-07-14,Rango,2011,https://boxd.it/QPk,3.5
2023-07-14,Madagascar,2005,https://boxd.it/29dc,3.5
2023-07-14,Matilda,1996,https://boxd.it/1VhY,4.5
2023-07-14,Hercules,1997,https://boxd.it/1SDW,4
2023-07-14,Night at the Museum,2006,https://boxd.it/28wi,3
2023-07-14,Romeo + Juliet,1996,https://boxd.it/2ama,2.5
2023-07-14,Pirates of the Caribbean: At World's End,2007,https://boxd.it/2aGu,3.5
2023-07-14,Justice League,2017,https://boxd.it/4w68,1.5
2023-07-14,Batman,1989,https://boxd.it/2aIU,3.5
2023-07-14,How the Grinch Stole Christmas,2000,https://boxd.it/1ZHQ,3.5
2023-07-14,A Bug's Life,1998,https://boxd.it/1Yyy,3.5
2023-07-14,Hidden Figures,2016,https://boxd.it/dgS4,3.5
2023-07-14,Life Is Beautiful,1997,https://boxd.it/29Wm,5
2023-07-14,The Little Mermaid,1989,https://boxd.it/1WYO,4
2023-07-14,The Pursuit of Happyness,2006,https://boxd.it/28PE,3.5
2023-07-14,"The Chronicles of Narnia: The Lion, the Witch and the Wardrobe",2005,https://boxd.it/2ark,3
2023-07-14,Mission: Impossible,1996,https://boxd.it/29d2,3
2023-07-14,I Am Legend,2007,https://boxd.it/21DG,3
2023-07-14,Ted,2012,https://boxd.it/2pgc,3
2023-07-14,The Hobbit: The Battle of the Five Armies,2014,https://boxd.it/43aU,1
2023-07-14,The Wizard of Oz,1939,https://boxd.it/29Xu,4
2023-07-14,This Is the End,2013,https://boxd.it/3GB4,3
2023-07-14,The Parent Trap,1998,https://boxd.it/1XJq,5
2023-07-14,Napoleon Dynamite,2004,https://boxd.it/20wu,3.5
2023-07-14,How to Lose a Guy in 10 Days,2003,https://boxd.it/1XwG,3.5
2023-07-14,Looper,2012,https://boxd.it/ham,3
2023-07-14,Jumanji,1995,https://boxd.it/1ZLI,3.5
2023-07-14,X-Men,2000,https://boxd.it/1a7s,3
2023-07-14,X-Men: Apocalypse,2016,https://boxd.it/7eJi,2
2023-07-14,Pacific Rim,2013,https://boxd.it/2cB2,3
2023-07-14,22 Jump Street,2014,https://boxd.it/5Fvy,3.5
2023-07-14,Burn After Reading,2008,https://boxd.it/23BW,3.5
2023-07-14,The Lion King,2019,https://boxd.it/eSjI,3
2023-07-14,Lucy,2014,https://boxd.it/75hu,2.5
2023-07-14,Hamilton,2020,https://boxd.it/kmvE,4
2023-07-14,The King's Speech,2010,https://boxd.it/dX0,4
2023-07-14,American Hustle,2013,https://boxd.it/5dz8,3.5
2023-07-14,Rise of the Planet of the Apes,2011,https://boxd.it/cS4,3.5
2023-07-14,District 9,2009,https://boxd.it/1Iik,3.5
2023-07-14,The Mummy,1999,https://boxd.it/2a7a,3.5
2023-07-14,The 40 Year Old Virgin,2005,https://boxd.it/21hK,3
2023-07-14,Indiana Jones and the Kingdom of the Crystal Skull,2008,https://boxd.it/2aR8,2.5
2023-07-14,Unbreakable,2000,https://boxd.it/1XV2,3.5
2023-07-14,Tropic Thunder,2008,https://boxd.it/20WM,3.5
2023-07-14,Hugo,2011,https://boxd.it/R08,3
2023-07-14,Prometheus,2012,https://boxd.it/2s9e,2
2023-07-14,Gremlins,1984,https://boxd.it/29gg,3.5
2023-07-14,Shrek the Third,2007,https://boxd.it/29yY,1.5
2023-07-14,The Goonies,1985,https://boxd.it/1YVC,3.5
2023-07-14,Bridesmaids,2011,https://boxd.it/rac,3.5
2023-07-14,The Matrix Revolutions,2003,https://boxd.it/2a12,3.5
2023-07-14,Scooby-Doo,2002,https://boxd.it/1YaQ,3.5
2023-07-14,The Neon Demon,2016,https://boxd.it/9AnW,2.5
2023-07-14,How to Train Your Dragon 2,2014,https://boxd.it/2TRW,3
2023-07-14,The Fault in Our Stars,2014,https://boxd.it/6BQa,3
2023-07-14,The Help,2011,https://boxd.it/EDm,3.5
2023-07-14,Klaus,2019,https://boxd.it/ipoi,3.5
2023-07-14,Predator,1987,https://boxd.it/2b84,3.5
2023-07-14,Maleficent,2014,https://boxd.it/3v1u,2.5
2023-07-14,Dawn of the Planet of the Apes,2014,https://boxd.it/3XyQ,3.5
2023-07-14,Transformers,2007,https://boxd.it/280c,2
2023-07-14,The Fifth Element,1997,https://boxd.it/71k,4
2023-07-14,Collateral,2004,https://boxd.it/28F0,4
2023-07-14,Yesterday,2019,https://boxd.it/iF7M,2.5
2023-07-14,Adaptation.,2002,https://boxd.it/26mA,4
2023-07-14,The Twilight Saga: Eclipse,2010,https://boxd.it/1ytW,2.5
2023-07-14,Happy Death Day,2017,https://boxd.it/fDz4,3.5
2023-07-14,Hocus Pocus,1993,https://boxd.it/1Wgi,2.5
2023-07-14,Willy Wonka & the Chocolate Factory,1971,https://boxd.it/2aLu,3.5
2023-07-15,300,2006,https://boxd.it/28XI,3.5
2023-07-15,Sweeney Todd: The Demon Barber of Fleet Street,2007,https://boxd.it/1PcS,3
2023-07-15,The Wind Rises,2013,https://boxd.it/4JQS,4
2023-07-15,The Fast and the Furious,2001,https://boxd.it/1XMu,3
2023-07-15,Enchanted,2007,https://boxd.it/24co,3.5
2023-07-15,Ghost in the Shell,1995,https://boxd.it/1YYc,3
2023-07-15,Cloudy with a Chance of Meatballs,2009,https://boxd.it/1A40,3
2023-07-15,Cars 2,2011,https://boxd.it/H4Y,2
2023-07-15,50 First Dates,2004,https://boxd.it/285c,3.5
2023-07-15,The Falcon and the Winter Soldier,2021,https://boxd.it/sbH6,3.5
2023-07-15,Bee Movie,2007,https://boxd.it/22Vw,3
2023-07-15,Spring Breakers,2012,https://boxd.it/421s,2.5
2023-07-15,Moon,2009,https://boxd.it/1IGQ,3.5
2023-07-15,The Butterfly Effect,2004,https://boxd.it/27M0,3.5
2023-07-15,Annie Hall,1977,https://boxd.it/29M2,4
2023-07-15,Bram Stoker's Dracula,1992,https://boxd.it/223a,2.5
2023-07-15,Rain Man,1988,https://boxd.it/2avw,3.5
2023-07-15,X2,2003,https://boxd.it/1a7i,3.5
2023-07-15,Interview with the Vampire,1994,https://boxd.it/29XO,3.5
2023-07-15,War for the Planet of the Apes,2017,https://boxd.it/8FE2,4
2023-07-15,The Twilight Saga: Breaking Dawn – Part 1,2011,https://boxd.it/DdM,2.5
2023-07-15,Hell or High Water,2016,https://boxd.it/bfGM,4
2023-07-15,Y Tu Mamá También,2001,https://boxd.it/28QM,4
2023-07-15,The Proposal,2009,https://boxd.it/1HiS,3
2023-07-15,Signs,2002,https://boxd.it/26t2,3.5
2023-07-15,Godzilla,2014,https://boxd.it/47OE,3.5
2023-07-15,Blue Is the Warmest Color,2013,https://boxd.it/4O40,3.5
2023-07-15,Who Framed Roger Rabbit,1988,https://boxd.it/29ry,3.5
2023-07-15,Orphan,2009,https://boxd.it/1CgM,2.5
2023-07-15,Kung Fu Panda 2,2011,https://boxd.it/G36,4
2023-07-15,Space Jam,1996,https://boxd.it/26YO,4
2023-07-15,Step Brothers,2008,https://boxd.it/1SsE,3.5
2023-07-15,Despicable Me 2,2013,https://boxd.it/3gg0,3
2023-07-15,Million Dollar Baby,2004,https://boxd.it/2bdI,4
2023-07-15,Bridget Jones's Diary,2001,https://boxd.it/29WQ,3.5
2023-07-15,The Wolverine,2013,https://boxd.it/2CWU,3.5
2023-07-15,Battle Royale,2000,https://boxd.it/25zS,3.5
2023-07-15,127 Hours,2010,https://boxd.it/SLa,3.5
2023-07-15,Ocean's Twelve,2004,https://boxd.it/2aZ2,2.5
2023-07-15,Sausage Party,2016,https://boxd.it/6CCe,3
2023-07-15,Cloverfield,2008,https://boxd.it/2192,3
2023-07-15,Click,2006,https://boxd.it/1YVM,3
2023-07-15,Gran Torino,2008,https://boxd.it/1Qzy,3.5
2023-07-15,Monster House,2006,https://boxd.it/1Z2e,3
2023-07-15,Project X,2012,https://boxd.it/neO,3
2023-07-15,Nosferatu,1922,https://boxd.it/29TM,2.5
2023-07-15,All Too Well: The Short Film,2021,https://boxd.it/xTmc,3
2023-07-15,8 Mile,2002,https://boxd.it/2bew,3
2023-07-15,Snow White and the Seven Dwarfs,1937,https://boxd.it/2arO,3.5
2023-07-15,Godzilla: King of the Monsters,2019,https://boxd.it/cY7Y,3
2023-07-15,The Interview,2014,https://boxd.it/6KQ4,3
2023-07-15,"Hail, Caesar!",2016,https://boxd.it/881G,3
2023-07-15,Audition,1999,https://boxd.it/1UHm,3
2023-07-15,Speed,1994,https://boxd.it/28qk,4
2023-07-15,Now You See Me 2,2016,https://boxd.it/99fw,2.5
2023-07-15,The SpongeBob SquarePants Movie,2004,https://boxd.it/1SYq,3.5
2023-07-15,Creed II,2018,https://boxd.it/hgl8,3.5
2023-07-15,Alice in Wonderland,1951,https://boxd.it/1Sz6,3
2023-07-15,X-Men: The Last Stand,2006,https://boxd.it/1a5Q,3
2023-07-16,Kill Bill: The Whole Bloody Affair,2004,https://boxd.it/eCrQ,5
2023-08-08,The Lovely Bones,2009,https://boxd.it/20IA,3.5
2023-08-10,Peter Pan,2003,https://boxd.it/1VQY,5
2023-08-10,Hook,1991,https://boxd.it/29nQ,4
2023-08-12,Logan,2017,https://boxd.it/7Piy,5
2023-08-13,Nope,2022,https://boxd.it/sDCe,3.5
2023-08-17,Speed Racer,2008,https://boxd.it/20UQ,4.5
2023-08-19,Lars and the Real Girl,2007,https://boxd.it/21tG,4
2023-08-20,Guardians of the Galaxy Vol. 3,2023,https://boxd.it/fVNI,4.5
2023-08-20,Coraline,2009,https://boxd.it/1NhQ,5
2023-08-21,Bao,2018,https://boxd.it/iEl4,4
2023-08-21,Molly's Game,2017,https://boxd.it/dSl8,4
2023-08-21,The Founder,2016,https://boxd.it/9XwM,3.5
2023-08-21,Ghostbusters,2016,https://boxd.it/Vm8,1.5
2023-08-21,The Jungle Book,2016,https://boxd.it/8wjk,3.5
2023-08-21,The Good Dinosaur,2015,https://boxd.it/3AD4,3
2023-08-21,Steve Jobs,2015,https://boxd.it/araG,5
2023-08-21,Big Eyes,2014,https://boxd.it/36ms,3
2023-08-21,Neighbors,2014,https://boxd.it/5Txe,3
2023-08-21,Saving Mr. Banks,2013,https://boxd.it/4vIq,4
2023-08-21,Captain Phillips,2013,https://boxd.it/3GPK,4
2023-08-21,Elysium,2013,https://boxd.it/2cBm,3.5
2023-08-21,The To Do List,2013,https://boxd.it/4dAo,3.5
2023-08-21,Kick-Ass 2,2013,https://boxd.it/hqu,2.5
2023-08-21,The Hangover Part III,2013,https://boxd.it/3GNY,2.5
2023-08-21,Only God Forgives,2013,https://boxd.it/2HBs,3
2023-08-21,The Bling Ring,2013,https://boxd.it/3lPY,3.5
2023-08-21,Oz the Great and Powerful,2013,https://boxd.it/2cAI,3
2023-08-21,Fruitvale Station,2013,https://boxd.it/4VRy,4
2023-08-21,Blackfish,2013,https://boxd.it/4Ym4,3.5
2023-08-21,This Is 40,2012,https://boxd.it/39WI,3
2023-08-21,Lincoln,2012,https://boxd.it/2n2s,4
2023-08-21,Flight,2012,https://boxd.it/35Ca,3
2023-08-21,ParaNorman,2012,https://boxd.it/2FuY,3
2023-08-21,Argo,2012,https://boxd.it/2czU,3.5
2023-08-21,Holy Motors,2012,https://boxd.it/3wai,1.5
2023-08-21,Magic Mike,2012,https://boxd.it/2HvY,3.5
2023-08-21,The Dictator,2012,https://boxd.it/2DEW,2
2023-08-21,American Reunion,2012,https://boxd.it/2qH4,3
2023-08-21,Chronicle,2012,https://boxd.it/2Emk,3.5
2023-08-21,Safety Not Guaranteed,2012,https://boxd.it/2Y3M,4
2023-08-21,Beasts of the Southern Wild,2012,https://boxd.it/2XPK,3.5
2023-08-21,Young Adult,2011,https://boxd.it/nn2,4.5
2023-08-21,50/50,2011,https://boxd.it/10Tw,3.5
2023-08-21,Jiro Dreams of Sushi,2011,https://boxd.it/2ONU,4
2023-08-21,Super 8,2011,https://boxd.it/dVI,2.5
2023-08-21,The Hangover Part II,2011,https://boxd.it/PZI,2
2023-08-21,Bad Teacher,2011,https://boxd.it/yXA,4
2023-08-21,Source Code,2011,https://boxd.it/fdo,2.5
2023-08-21,Thor,2011,https://boxd.it/1WQU,3
2023-08-21,Limitless,2011,https://boxd.it/Aly,3.5
2023-08-21,No Strings Attached,2011,https://boxd.it/YUs,2.5
2023-08-21,The Green Hornet,2011,https://boxd.it/10TQ,2.5
2023-08-21,The Fighter,2010,https://boxd.it/PP4,3.5
2023-08-21,Love & Other Drugs,2010,https://boxd.it/UIi,3.5
2023-08-21,Jackass 3D,2010,https://boxd.it/1KpM,3.5
2023-08-21,The Other Guys,2010,https://boxd.it/1rtq,3.5
2023-08-21,The Expendables,2010,https://boxd.it/1rtA,2.5
2023-08-21,The Kids Are All Right,2010,https://boxd.it/13f0,4
2023-08-21,Blue Valentine,2010,https://boxd.it/MxG,4.5
2023-08-21,A Serious Man,2009,https://boxd.it/1RFW,5
2023-08-21,Up in the Air,2009,https://boxd.it/1zPY,3.5
2023-08-21,The Human Centipede (First Sequence),2009,https://boxd.it/18Tu,1
2023-08-21,Julie & Julia,2009,https://boxd.it/1wXg,3
2023-08-21,Funny People,2009,https://boxd.it/1CRy,2.5
2023-08-21,Terminator Salvation,2009,https://boxd.it/2abQ,2.5
2023-08-21,"I Love You, Man",2009,https://boxd.it/1JZu,3.5
2023-08-21,Confessions of a Shopaholic,2009,https://boxd.it/1E9e,3
2023-08-21,Mary and Max,2009,https://boxd.it/1y2m,4
2023-08-21,Bride Wars,2009,https://boxd.it/1W3I,2.5
2023-08-21,Marley & Me,2008,https://boxd.it/1Ola,3.5
2023-08-21,Seven Pounds,2008,https://boxd.it/1U8w,3
2023-08-21,The Day the Earth Stood Still,2008,https://boxd.it/1WQ6,2
2023-08-21,Four Christmases,2008,https://boxd.it/1SjM,2
2023-08-21,Bolt,2008,https://boxd.it/1QXg,2.5
2023-08-21,The Wrestler,2008,https://boxd.it/1So8,4.5
2023-08-21,Pineapple Express,2008,https://boxd.it/1WRS,2.5
2023-08-21,Hancock,2008,https://boxd.it/1Zv6,3.5
2023-08-21,You Don't Mess with the Zohan,2008,https://boxd.it/1VHs,3
2023-08-21,Sex and the City,2008,https://boxd.it/246q,3.5
2023-08-21,Forgetting Sarah Marshall,2008,https://boxd.it/1XEq,3.5
2023-08-21,21,2008,https://boxd.it/20BO,3
2023-08-21,Semi-Pro,2008,https://boxd.it/1Qw0,3.5
2023-08-21,American Pie Presents: Beta House,2007,https://boxd.it/20qm,2
2023-08-21,The Bucket List,2007,https://boxd.it/20Ye,3
2023-08-21,National Treasure: Book of Secrets,2007,https://boxd.it/21rq,3.5
2023-08-21,Paranormal Activity,2007,https://boxd.it/1yIM,4
2023-08-21,Balls of Fury,2007,https://boxd.it/1XTK,2.5
2023-08-21,Blades of Glory,2007,https://boxd.it/1Xrm,3.5
2023-08-21,Knocked Up,2007,https://boxd.it/23yS,4
2023-08-21,The Number 23,2007,https://boxd.it/258C,2.5
2023-08-21,Epic Movie,2007,https://boxd.it/1XSs,1.5
2023-08-21,American Pie Presents: The Naked Mile,2006,https://boxd.it/20qG,2
2023-08-21,Deck the Halls,2006,https://boxd.it/1Xpg,3
2023-08-21,The Prestige,2006,https://boxd.it/293w,4
2023-08-21,Jackass Number Two,2006,https://boxd.it/1SyM,3
2023-08-21,Perfume: The Story of a Murderer,2006,https://boxd.it/28LW,3.5
2023-08-21,John Tucker Must Die,2006,https://boxd.it/1Z2S,3.5
2023-08-21,Nacho Libre,2006,https://boxd.it/1YTG,2.5
2023-08-21,The Break-Up,2006,https://boxd.it/1XRk,3.5
2023-08-21,The Da Vinci Code,2006,https://boxd.it/2a3i,2.5
2023-08-21,Scary Movie 4,2006,https://boxd.it/24B4,2.5
2023-08-21,King Kong,2005,https://boxd.it/2aLa,4
2023-08-21,Just Friends,2005,https://boxd.it/1XfA,3.5
2023-08-21,American Pie Presents: Band Camp,2005,https://boxd.it/20qQ,3.5
2023-08-21,The Legend of Zorro,2005,https://boxd.it/28nq,3.5
2023-08-21,Flightplan,2005,https://boxd.it/1YZu,3.5
2023-08-21,The Dukes of Hazzard,2005,https://boxd.it/21A8,2.5
2023-08-21,Fantastic Four,2005,https://boxd.it/1XVw,3
2023-08-21,War of the Worlds,2005,https://boxd.it/2bde,3.5
2023-08-21,The Longest Yard,2005,https://boxd.it/1Z3c,3
2023-08-21,The Ring Two,2005,https://boxd.it/1Wy2,3
2023-08-21,Son of the Mask,2005,https://boxd.it/1WNQ,2
2023-08-21,Hitch,2005,https://boxd.it/205o,3.5
2023-08-21,Constantine,2005,https://boxd.it/2a7E,3.5
2023-08-21,Elektra,2005,https://boxd.it/1XsE,1
2023-08-21,Meet the Fockers,2004,https://boxd.it/29NE,3.5
2023-08-21,National Treasure,2004,https://boxd.it/27x0,3.5
2023-08-21,The Grudge,2004,https://boxd.it/27Jq,2.5
2023-08-21,Team America: World Police,2004,https://boxd.it/24QS,4
2023-08-21,Crash,2004,https://boxd.it/28q0,2.5
2023-08-21,The Sea Inside,2004,https://boxd.it/27S8,3.5
2023-08-21,"I, Robot",2004,https://boxd.it/27y8,2.5
2023-08-21,Anchorman: The Legend of Ron Burgundy,2004,https://boxd.it/1ZVo,4
2023-08-21,Troy,2004,https://boxd.it/29TW,5
2023-08-21,Hellboy,2004,https://boxd.it/28HK,4
2023-08-21,Scooby-Doo 2: Monsters Unleashed,2004,https://boxd.it/1UPA,3.5
2023-08-21,Before Sunset,2004,https://boxd.it/2bcg,5
2023-08-21,The Cat in the Hat,2003,https://boxd.it/1VSU,2
2023-08-21,Spy Kids 3-D: Game Over,2003,https://boxd.it/1S7w,3
2023-08-21,The Room,2003,https://boxd.it/1ICY,5
2023-08-21,Charlie's Angels: Full Throttle,2003,https://boxd.it/1YB8,3
2023-08-21,Sinbad: Legend of the Seven Seas,2003,https://boxd.it/1Oa2,3.5
2023-08-21,Hulk,2003,https://boxd.it/27PS,2.5
2023-08-21,The Texas Chainsaw Massacre,2003,https://boxd.it/1YQs,2.5
2023-08-21,Final Destination 2,2003,https://boxd.it/1YSS,3.5
2023-08-21,Kangaroo Jack,2003,https://boxd.it/1VMM,2
2023-08-21,Analyze That,2002,https://boxd.it/1XuK,3.5
2023-08-21,The Santa Clause 2,2002,https://boxd.it/1ZmI,3
2023-08-21,Jackass: The Movie,2002,https://boxd.it/1Zo0,3
2023-08-21,Pinocchio,2002,https://boxd.it/1VRi,4
2023-08-21,The Ring,2002,https://boxd.it/2a70,4
2023-08-21,Spy Kids 2: The Island of Lost Dreams,2002,https://boxd.it/1Yyo,3.5
2023-08-21,Stuart Little 2,2002,https://boxd.it/1UTW,2.5
2023-08-21,Men in Black II,2002,https://boxd.it/2a0y,2.5
2023-08-21,Kate & Leopold,2001,https://boxd.it/1Uj0,4
2023-08-21,Jimmy Neutron: Boy Genius,2001,https://boxd.it/1RDm,3.5
2023-08-21,A Beautiful Mind,2001,https://boxd.it/2amk,4.5
2023-08-21,Legally Blonde,2001,https://boxd.it/1ZNa,3.5
2023-08-21,A.I. Artificial Intelligence,2001,https://boxd.it/29Ve,3
2023-08-21,The Mummy Returns,2001,https://boxd.it/28cs,3
2023-08-21,Spy Kids,2001,https://boxd.it/1Xcw,3
2023-08-21,A Knight's Tale,2001,https://boxd.it/1YAk,3.5
2023-08-21,Meet the Parents,2000,https://boxd.it/28vE,3.5
2023-08-21,Bring It On,2000,https://boxd.it/28x6,4
2023-08-21,Hollow Man,2000,https://boxd.it/1YP0,3
2023-08-21,"Me, Myself & Irene",2000,https://boxd.it/27nY,3.5
2023-08-21,Dinosaur,2000,https://boxd.it/1VWi,3.5
2023-08-21,An Extremely Goofy Movie,2000,https://boxd.it/1LOo,4.5
2023-08-21,The Sixth Sense,1999,https://boxd.it/29Js,5
2023-08-21,American Pie,1999,https://boxd.it/27qy,3.5
2023-08-21,Big Daddy,1999,https://boxd.it/1ZkW,3.5
2023-08-21,Austin Powers: The Spy Who Shagged Me,1999,https://boxd.it/29xQ,3.5
2023-08-21,Antz,1998,https://boxd.it/1ZB4,2.5
2023-08-21,There's Something About Mary,1998,https://boxd.it/2aae,3.5
2023-08-21,Good Will Hunting,1997,https://boxd.it/2ahY,4.5
2023-08-21,Princess Mononoke,1997,https://boxd.it/2b4w,5
2023-08-21,Batman & Robin,1997,https://boxd.it/2ar0,2
2023-08-21,Austin Powers: International Man of Mystery,1997,https://boxd.it/29y0,3.5
2023-08-21,Liar Liar,1997,https://boxd.it/28sg,3.5
2023-08-21,101 Dalmatians,1996,https://boxd.it/1TgO,3
2023-08-21,Jingle All the Way,1996,https://boxd.it/1Z58,3.5
2023-08-21,Twister,1996,https://boxd.it/29S0,2.5
2023-08-21,Babe,1995,https://boxd.it/1Yh8,3.5
2023-08-21,Batman Forever,1995,https://boxd.it/2ara,2
2023-08-21,Casper,1995,https://boxd.it/1ZMw,3.5
2023-08-21,A Goofy Movie,1995,https://boxd.it/1Lwu,5
2023-08-21,Dumb and Dumber,1994,https://boxd.it/206m,3.5
2023-08-21,Junior,1994,https://boxd.it/21Qg,3
2023-08-21,The Santa Clause,1994,https://boxd.it/1TWK,3.5
2023-08-21,Léon: The Professional,1994,https://boxd.it/2b8S,4
2023-08-21,True Lies,1994,https://boxd.it/19pq,3.5
2023-08-21,Ace Ventura: Pet Detective,1994,https://boxd.it/25RW,4
2023-08-21,Mrs. Doubtfire,1993,https://boxd.it/29Cw,4.5
2023-08-21,Jurassic Park,1993,https://boxd.it/2aA2,4.5
2023-08-21,It,1990,https://boxd.it/26tG,2.5
2023-08-21,Home Alone,1990,https://boxd.it/29Fg,4
2023-08-21,GoodFellas,1990,https://boxd.it/29FA,4.5
2023-08-21,Back to the Future Part III,1990,https://boxd.it/2aTS,5
2023-08-21,Back to the Future Part II,1989,https://boxd.it/2aYI,5
2023-08-21,Kiki's Delivery Service,1989,https://boxd.it/1JAY,5
2023-08-21,Twins,1988,https://boxd.it/1YxK,3
2023-08-21,Child's Play,1988,https://boxd.it/1VTo,3
2023-08-21,Big,1988,https://boxd.it/271S,3
2023-08-21,The Princess Bride,1987,https://boxd.it/26EY,4.5
2023-08-21,The Fly,1986,https://boxd.it/1YIe,4
2023-08-21,The Breakfast Club,1985,https://boxd.it/27q4,4.5
2023-08-21,Ghostbusters,1984,https://boxd.it/g2w,4
2023-08-21,Blood Simple,1984,https://boxd.it/1U16,3.5
2023-08-21,Tootsie,1982,https://boxd.it/1YkG,3.5
2023-08-21,The Dark Crystal,1982,https://boxd.it/1Tm8,4
2023-08-21,Gandhi,1982,https://boxd.it/29Dk,3.5
2023-08-21,The Rescuers,1977,https://boxd.it/1U8Q,3
2023-08-21,The Exorcist,1973,https://boxd.it/1Yoo,4
2023-08-21,The Jungle Book,1967,https://boxd.it/1YY2,3.5
2023-08-21,West Side Story,1961,https://boxd.it/28dK,3.5
2023-08-21,12 Angry Men,1957,https://boxd.it/2auI,4
2023-08-21,On the Waterfront,1954,https://boxd.it/29TC,4
2023-08-21,Peter Pan,1953,https://boxd.it/1VCC,3.5
2023-08-21,Casablanca,1942,https://boxd.it/2aG0,5
2023-08-21,Citizen Kane,1941,https://boxd.it/71O,4
2023-08-21,Pinocchio,1940,https://boxd.it/1V8C,3.5
2023-08-21,Modern Times,1936,https://boxd.it/25MC,4
2023-08-29,The Count of Monte Cristo,2002,https://boxd.it/1U24,4.5
2023-08-30,Spotlight,2015,https://boxd.it/a84k,5
2023-09-17,The Internship,2013,https://boxd.it/3SWS,3
2023-10-07,Kung Fu Panda,2008,https://boxd.it/1Yws,4
2023-10-11,The Intern,2015,https://boxd.it/7AOE,3
2023-10-13,Free Solo,2018,https://boxd.it/iEEq,5
2023-10-15,Elemental,2023,https://boxd.it/ASiE,3.5
2023-10-15,Mandy,2018,https://boxd.it/gtti,1
2023-10-16,Kung Fu Panda 3,2016,https://boxd.it/4uRQ,3.5
2023-10-16,The Wonderful Story of Henry Sugar,2023,https://boxd.it/yNyo,4.5
2023-10-23,The Trial of the Chicago 7,2020,https://boxd.it/kn3w,4
2023-10-28,A Quiet Place Part II,2020,https://boxd.it/iTx0,3.5
2023-10-29,Cast Away,2000,https://boxd.it/20i8,5
2023-10-30,17 Again,2009,https://boxd.it/1Jnq,3
2023-11-07,Black Panther: Wakanda Forever,2022,https://boxd.it/igPu,3.5
2023-11-26,Avatar: The Way of Water,2022,https://boxd.it/2E2E,2
2023-11-26,Freaky Friday,2003,https://boxd.it/1WwK,4
2023-12-15,Frances Ha,2012,https://boxd.it/41Xg,5
2023-12-24,Godzilla Minus One,2023,https://boxd.it/zu4c,4
2023-12-31,The Terminal,2004,https://boxd.it/2a2O,4.5
2024-01-01,Taylor Swift: The Eras Tour,2023,https://boxd.it/HTIi,5
2024-01-03,Divergent,2014,https://boxd.it/4VT0,3
2024-01-08,Public Speaking,2010,https://boxd.it/toU,4.5
2024-01-08,Pretend It's a City,2021,https://boxd.it/tlWs,5
2024-01-09,Manchester by the Sea,2016,https://boxd.it/b2L0,5
2024-01-10,Chicken Run,2000,https://boxd.it/20Xg,5
2024-01-10,Chicken Run: Dawn of the Nugget,2023,https://boxd.it/iTww,3.5
2024-01-11,Lady Bird,2017,https://boxd.it/dGNE,5
2024-01-14,Uncut Gems,2019,https://boxd.it/gXGc,5
2024-03-11,Poor Things,2023,https://boxd.it/tNWU,5
2024-11-24,Bicentennial Man,1999,https://boxd.it/2722,4.5
2024-11-24,The Other Woman,2014,https://boxd.it/5Q3U,2.5
2024-11-24,Inside Out 2,2024,https://boxd.it/CFrC,4.5
2024-11-24,Deadpool & Wolverine,2024,https://boxd.it/jq8s,3
2025-01-01,Nosferatu,2024,https://boxd.it/f5eG,3.5
2025-05-06,Sinners,2025,https://boxd.it/KQMM,4
2025-05-06,"You, Me and Dupree",2006,https://boxd.it/285m,3.5
2025-05-06,Palm Springs,2020,https://boxd.it/lCXQ,4
2025-05-06,Thelma & Louise,1991,https://boxd.it/28Ew,5
2025-05-06,The Lake House,2006,https://boxd.it/27yM,3.5
2025-05-06,Dragonball Evolution,2009,https://boxd.it/1ODy,0.5
2025-05-06,The Social Network,2010,https://boxd.it/17ue,5
2025-05-06,American Psycho,2000,https://boxd.it/28Vs,5
2025-05-06,Fantastic Mr. Fox,2009,https://boxd.it/1WyQ,5
2025-05-06,Arrival,2016,https://boxd.it/aNGk,5
2025-05-06,The Big Short,2015,https://boxd.it/ajZw,5
2025-05-06,"Three Billboards Outside Ebbing, Missouri",2017,https://boxd.it/ceBS,5
2025-05-06,Groundhog Day,1993,https://boxd.it/2b3e,5
2025-05-06,12 Years a Slave,2013,https://boxd.it/2D2e,5
2025-05-06,The Dark Knight,2008,https://boxd.it/2b0k,4.5
2025-05-06,Avengers: Infinity War,2018,https://boxd.it/9vEe,4.5
2025-05-06,Harry Potter and the Prisoner of Azkaban,2004,https://boxd.it/29Qy,4.5
2025-05-06,Spider-Man: Across the Spider-Verse,2023,https://boxd.it/kSz4,4
2025-05-06,The Thing,1982,https://boxd.it/294O,4.5
2025-05-06,El Camino: A Breaking Bad Movie,2019,https://boxd.it/kv0q,4.5
2025-05-06,Pirates of the Caribbean: The Curse of the Black Pearl,2003,https://boxd.it/70G,4
2025-05-06,When Harry Met Sally...,1989,https://boxd.it/29W2,4
2025-05-06,School of Rock,2003,https://boxd.it/28xK,4
2025-05-07,The Hateful Eight,2015,https://boxd.it/8gw8,4.5
2025-05-07,Star Trek,2009,https://boxd.it/1Q6c,4.5
2025-05-17,Shiva Baby,2020,https://boxd.it/oIv0,4.5
2025-06-13,Beetlejuice Beetlejuice,2024,https://boxd.it/yyGs,3
2025-10-30,Weapons,2025,https://boxd.it/EMTM,4
2025-10-30,A Real Pain,2024,https://boxd.it/CjNG,4.5
2025-11-03,Mulholland Drive,2001,https://boxd.it/297o,5
2025-11-03,Wind River,2017,https://boxd.it/dR3i,4.5
2025-11-03,Beau Is Afraid,2023,https://boxd.it/u2gE,3
2025-11-09,The Two Popes,2019,https://boxd.it/k8Xk,4.5
2025-11-09,Still Alice,2014,https://boxd.it/8Nhq,3.5
2025-11-09,Trading Places,1983,https://boxd.it/28sK,4.5
2025-11-09,Grave of the Fireflies,1988,https://boxd.it/1RUM,5
2025-11-14,Past Lives,2023,https://boxd.it/oNB8,5
2025-11-14,Midsommar,2019,https://boxd.it/jhxe,5
2025-11-14,Knives Out,2019,https://boxd.it/jWEA,4.5
2025-11-14,Punch-Drunk Love,2002,https://boxd.it/20E4,4.5
2025-11-14,Silence,2016,https://boxd.it/2cAo,4.5
2025-11-14,True Grit,2010,https://boxd.it/Sog,5
2025-11-14,Little Miss Sunshine,2006,https://boxd.it/29EW,5
2025-11-15,Jaws,1975,https://boxd.it/2a5e,4
2025-11-16,Raising Arizona,1987,https://boxd.it/2avQ,4
2025-11-16,Frankenstein,2025,https://boxd.it/Ecsg,4
2025-11-18,Drive,2011,https://boxd.it/IG,5
2025-11-18,Mad Max: Fury Road,2015,https://boxd.it/2DjO,5
2025-11-18,Tarzan,1999,https://boxd.it/18YO,5
2025-11-24,Wonka,2023,https://boxd.it/tCQm,2.5
2025-11-24,Tokyo Godfathers,2003,https://boxd.it/1Qg2,5
2025-11-24,"Synecdoche, New York",2008,https://boxd.it/23zw,2
2025-11-25,KPop Demon Hunters,2025,https://boxd.it/ufwK,4
2025-12-09,Chinatown,1974,https://boxd.it/29vU,4
2025-12-09,Prisoners,2013,https://boxd.it/4E5i,4.5
2025-12-15,Oppenheimer,2023,https://boxd.it/wUow,5
2025-12-16,Darkest Hour,2017,https://boxd.it/dZZa,3.5
2025-12-16,Superman,2025,https://boxd.it/E9IU,4
2025-12-19,Thunderbolts*,2025,https://boxd.it/BfbQ,3.5
2025-12-20,Wake Up Dead Man,2025,https://boxd.it/uAKS,5
2025-12-20,American Fiction,2023,https://boxd.it/DYHm,2.5
2025-12-23,JFK,1991,https://boxd.it/29xm,3
2025-12-23,Jackie,2016,https://boxd.it/d6bu,5
2025-12-23,Mickey 17,2025,https://boxd.it/q1Dk,4
2025-12-23,Glass Onion,2022,https://boxd.it/oCkK,4
2025-12-24,The Hunt,2012,https://boxd.it/3wEC,4.5
2025-12-26,Brokeback Mountain,2005,https://boxd.it/2b2q,5
2025-12-26,Rear Window,1954,https://boxd.it/2a6Q,5
2025-12-27,Portrait of a Lady on Fire,2019,https://boxd.it/jkPq,5
2025-12-27,Challengers,2024,https://boxd.it/zld0,4.5
2025-12-27,The Fantastic 4: First Steps,2025,https://boxd.it/mP6C,3.5
2025-12-27,Conclave,2024,https://boxd.it/AO8q,4.5
2025-12-27,Instant Family,2018,https://boxd.it/hHpQ,4
2025-12-28,Pieces of a Woman,2020,https://boxd.it/nOrQ,3
2025-12-29,Kingsman: The Secret Service,2014,https://boxd.it/6dxe,4
2025-12-30,The Substance,2024,https://boxd.it/zanS,3.5
2025-12-30,Practical Magic,1998,https://boxd.it/21HS,4.5
2025-12-30,Just Go with It,2011,https://boxd.it/Doq,2.5
2025-12-30,Miss Congeniality,2000,https://boxd.it/28GM,3.5
2025-12-30,Pitch Perfect 2,2015,https://boxd.it/7tNa,3.5
2025-12-30,Brother Bear,2003,https://boxd.it/1Xjs,4
2025-12-30,Robots,2005,https://boxd.it/1Xve,3
2025-12-30,Bruce Almighty,2003,https://boxd.it/2aCC,3.5
2025-12-30,Madagascar: Escape 2 Africa,2008,https://boxd.it/1W2K,3
2025-12-30,The Tale of The Princess Kaguya,2013,https://boxd.it/4JQI,5
2025-12-30,Anastasia,1997,https://boxd.it/1YFk,4
2025-12-30,Treasure Planet,2002,https://boxd.it/1Znm,4.5
2025-12-30,Cruel Intentions,1999,https://boxd.it/29Be,3.5
2025-12-30,The Karate Kid,2010,https://boxd.it/15HA,5
2025-12-30,The Blind Side,2009,https://boxd.it/1zWg,3.5
2025-12-30,Skinamarink,2022,https://boxd.it/ByDO,3
2025-12-30,Happy Feet,2006,https://boxd.it/1XH0,2
2025-12-30,Kingdom of Heaven,2005,https://boxd.it/28Gs,4
2025-12-30,Double Indemnity,1944,https://boxd.it/297I,4
2025-12-30,Yes Man,2008,https://boxd.it/1WPW,3.5
2025-12-30,Men in Black 3,2012,https://boxd.it/103U,3.5
2025-12-30,Ghost,1990,https://boxd.it/2aLE,3.5
2025-12-30,DodgeBall: A True Underdog Story,2004,https://boxd.it/1YAY,4
2025-12-30,Ella Enchanted,2004,https://boxd.it/1O5G,2.5
2025-12-30,Ted 2,2015,https://boxd.it/6oCY,3
2025-12-30,Jarhead,2005,https://boxd.it/70m,4
2025-12-30,Sully,2016,https://boxd.it/cD8Q,3.5
2025-12-30,Pitch Perfect 3,2017,https://boxd.it/bUre,3
2025-12-30,Into the Woods,2014,https://boxd.it/6DtW,2.5
2025-12-30,Burlesque,2010,https://boxd.it/Xfo,3
2025-12-30,Hachi: A Dog's Tale,2009,https://boxd.it/1q4a,3.5
2025-12-30,Adventureland,2009,https://boxd.it/1JTQ,3.5
2025-12-30,Freedom Writers,2007,https://boxd.it/28p2,4.5
2025-12-30,Ghostbusters II,1989,https://boxd.it/261s,3.5
2025-12-30,The Holdovers,2023,https://boxd.it/vHza,5
2025-12-31,Wicked,2024,https://boxd.it/e8ME,4
2025-12-31,Wicked: For Good,2025,https://boxd.it/AyfK,3
2026-01-01,Anatomy of a Fall,2023,https://boxd.it/yuDE,4.5
2026-01-02,Just Like Heaven,2005,https://boxd.it/1ZoO,3.5
2026-01-02,Eternity,2025,https://boxd.it/LYtK,4
2026-01-04,Erin Brockovich,2000,https://boxd.it/2al2,4.5
2026-01-05,Lion,2016,https://boxd.it/b2La,4
2026-01-05,Memoirs of a Geisha,2005,https://boxd.it/27TA,5
2026-01-07,Harry Potter and the Philosopher's Stone,2001,https://boxd.it/29QS,4
2026-01-07,Up,2009,https://boxd.it/1OEc,3.5
2026-01-07,Thor: Ragnarok,2017,https://boxd.it/8MHi,3.5
2026-01-07,Harry Potter and the Half-Blood Prince,2009,https://boxd.it/29FU,3.5
2026-01-07,A Quiet Place,2018,https://boxd.it/fVJQ,4
2026-01-07,Captain America: The Winter Soldier,2014,https://boxd.it/3r58,4
2026-01-07,Avengers: Age of Ultron,2015,https://boxd.it/3qi6,3.5
2026-01-07,Blade Runner,1982,https://boxd.it/2bcA,4
2026-01-07,Captain America: The First Avenger,2011,https://boxd.it/28b0,3.5
2026-01-07,Cars,2006,https://boxd.it/29ho,3.5
2026-01-07,Luca,2021,https://boxd.it/ipjC,3.5
2026-01-07,The Lego Movie,2014,https://boxd.it/4pDO,3.5
2026-01-07,Mr. & Mrs. Smith,2005,https://boxd.it/29CG,3.5
2026-01-07,The Princess Diaries,2001,https://boxd.it/1XCO,3.5
2026-01-07,Pirates of the Caribbean: Dead Man's Chest,2006,https://boxd.it/2bfk,3.5
2026-01-07,She's the Man,2006,https://boxd.it/1Y7W,3.5
2026-01-07,Final Destination 3,2006,https://boxd.it/1Z40,2.5
2026-01-07,Cruella,2021,https://boxd.it/bbKg,3
2026-01-07,The Edge of Seventeen,2016,https://boxd.it/d5nu,3
2026-01-07,Monsters University,2013,https://boxd.it/bQm,3.5
2026-01-07,Despicable Me,2010,https://boxd.it/1DD8,3.5
2026-01-07,Inception,2010,https://boxd.it/1skk,4
2026-01-07,Oldboy,2003,https://boxd.it/29R2,4
2026-01-07,The Rocky Horror Picture Show,1975,https://boxd.it/1a3q,4
2026-01-07,The Killing of a Sacred Deer,2017,https://boxd.it/dZ5G,4
2026-01-07,The Secret Life of Walter Mitty,2013,https://boxd.it/3SWy,4
2026-01-07,The Killer,2023,https://boxd.it/u6WE,3
2026-01-07,Life of Pi,2012,https://boxd.it/37pC,4
2026-01-07,The Iron Giant,1999,https://boxd.it/1Wow,5
2026-01-07,Moneyball,2011,https://boxd.it/glS,4.5
2026-01-07,Terminator 2: Judgment Day,1991,https://boxd.it/2aGY,5
2026-01-11,The Favourite,2018,https://boxd.it/d2hI,4.5
2026-01-12,Joy,2015,https://boxd.it/8kEU,4
2026-01-17,Licorice Pizza,2021,https://boxd.it/qTKY,4.5
2026-01-18,The Lighthouse,2019,https://boxd.it/icFU,4
2026-01-18,A Minecraft Movie,2025,https://boxd.it/zRro,2
2026-01-19,Perfect Blue,1997,https://boxd.it/1W7A,5
2026-01-19,Paprika,2006,https://boxd.it/23wW,4.5
2026-01-24,One Battle After Another,2025,https://boxd.it/DUHM,5
2026-01-25,F1,2025,https://boxd.it/yjVM,4
2026-01-25,Bugonia,2025,https://boxd.it/qeWY,5
2026-01-26,Train Dreams,2025,https://boxd.it/LdDo,4.5
2026-01-31,Anora,2024,https://boxd.it/Egcw,5
2026-01-31,Air,2023,https://boxd.it/Arlc,4
2026-01-31,Sentimental Value,2025,https://boxd.it/GwcG,3.5
2026-02-07,Hamnet,2025,https://boxd.it/woVy,5
2026-03-08,Marty Supreme,2025,https://boxd.it/Off0,4.5
2026-03-14,The Mask,1994,https://boxd.it/29rS,5
2026-03-16,The Secret Agent,2025,https://boxd.it/KkUE,4
2026-04-14,Galaxy Quest,1999,https://boxd.it/29gq,4.5
2026-04-14,Do the Right Thing,1989,https://boxd.it/29gA,5
2026-04-14,Barry Lyndon,1975,https://boxd.it/25A2,5
2026-04-20,Sonic the Hedgehog 2,2022,https://boxd.it/pb8O,3.5
2026-04-20,Sonic the Hedgehog,2020,https://boxd.it/gdK8,3
2026-04-21,Dungeons & Dragons: Honor Among Thieves,2023,https://boxd.it/hN1A,4
2026-04-25,John Wick,2014,https://boxd.it/7dEc,4
2026-04-26,John Wick: Chapter 3 – Parabellum,2019,https://boxd.it/gmFw,3
2026-04-26,John Wick: Chapter 4,2023,https://boxd.it/mh48,3
2026-04-28,Tetris,2023,https://boxd.it/rePK,4
2026-05-09,Sicario,2015,https://boxd.it/8i7u,4.5
2026-05-18,Pretty Woman,1990,https://boxd.it/2b6M,4
2026-06-01,Top Gun: Maverick,2022,https://boxd.it/cjr4,5
2026-06-04,Top Gun,1986,https://boxd.it/29JC,4.5
2026-06-13,Furiosa: A Mad Max Saga,2024,https://boxd.it/tABk,4.5
2026-06-13,The American President,1995,https://boxd.it/1Zce,3.5
2026-06-13,Jerry Maguire,1996,https://boxd.it/1YNS,3.5
2026-06-19,Vice,2018,https://boxd.it/fcFY,3
2026-06-21,Whiplash,2014,https://boxd.it/7bQA,5
2026-06-21,Forrest Gump,1994,https://boxd.it/728,5
2026-06-21,Eyes Wide Shut,1999,https://boxd.it/2axs,5
2026-06-21,Finding Nemo,2003,https://boxd.it/72i,5
2026-06-21,The Lion King,1994,https://boxd.it/201Q,5
2026-06-21,Shrek 2,2004,https://boxd.it/29z8,5
2026-06-21,Toy Story 2,1999,https://boxd.it/29qq,5
2026-06-21,BlackBerry,2023,https://boxd.it/CoVK,4
2026-06-21,Zero Dark Thirty,2012,https://boxd.it/3n1w,5
2026-06-21,The Great Dictator,1940,https://boxd.it/29ic,4
2026-06-21,Star Trek Into Darkness,2013,https://boxd.it/uYE,4
2026-06-21,Ratatouille,2007,https://boxd.it/27ww,4.5
2026-06-21,The Twilight Saga: New Moon,2009,https://boxd.it/1Hj2,2.5
2026-06-21,Pirates of the Caribbean: On Stranger Tides,2011,https://boxd.it/27Z4,2.5
2026-06-21,Little Nicky,2000,https://boxd.it/1Y4I,2.5
2026-06-21,The Hunger Games,2012,https://boxd.it/2uds,3
2026-06-21,Ice Age,2002,https://boxd.it/2apS,3.5
2026-06-21,Fantastic Beasts and Where to Find Them,2016,https://boxd.it/7FPC,3
2026-06-21,The Cable Guy,1996,https://boxd.it/1XAI,3
2026-06-21,The Avengers,2012,https://boxd.it/1xFW,4
2026-06-21,The Hunger Games: Catching Fire,2013,https://boxd.it/3sAw,3.5
2026-06-21,Captain America: Civil War,2016,https://boxd.it/89Ja,3.5
2026-06-21,Batman Begins,2005,https://boxd.it/2aIg,3.5
2026-06-21,Captain Marvel,2019,https://boxd.it/9vSA,2.5
2026-06-21,Gravity,2013,https://boxd.it/GZY,3.5
2026-06-21,The Polar Express,2004,https://boxd.it/23am,3.5
2026-06-21,Borat: Cultural Learnings of America for Make Benefit Glorious Nation of Kazakhstan,2006,https://boxd.it/2agQ,4.5
2026-06-21,Big Fish,2003,https://boxd.it/2a3M,3.5
2026-06-21,Twelve Monkeys,1995,https://boxd.it/2beQ,3.5
2026-06-21,Batman Returns,1992,https://boxd.it/2awa,3.5
2026-06-21,Pocahontas,1995,https://boxd.it/1W2g,3.5
2026-06-21,Wedding Crashers,2005,https://boxd.it/1Yte,3.5
2026-06-21,Hoop Dreams,1994,https://boxd.it/1Opc,3.5
2026-06-21,Get Out,2017,https://boxd.it/eOCm,4.5
2026-06-21,The Shining,1980,https://boxd.it/29Nu,4
2026-06-21,Gone Girl,2014,https://boxd.it/6hQu,4
2026-06-21,Hereditary,2018,https://boxd.it/hNVe,4
2026-06-21,Inside Out,2015,https://boxd.it/4KHC,4
2026-06-21,Avatar,2009,https://boxd.it/1Efm,3
2026-06-21,Shrek,2001,https://boxd.it/29zi,4
2026-06-21,The Incredibles,2004,https://boxd.it/1XLm,4
2026-06-21,The Super Mario Bros. Movie,2023,https://boxd.it/i8C8,3
2026-06-21,Toy Story 3,2010,https://boxd.it/1WRe,4
2026-06-21,To All the Boys I've Loved Before,2018,https://boxd.it/gHec,3
2026-06-21,V for Vendetta,2005,https://boxd.it/29Ik,4
2026-06-21,Final Destination,2000,https://boxd.it/1YrC,3
2026-06-21,27 Dresses,2008,https://boxd.it/21x4,3
2026-06-21,Crazy Rich Asians,2018,https://boxd.it/gfnK,3
2026-06-21,Promising Young Woman,2020,https://boxd.it/loRE,3
2026-06-21,May December,2023,https://boxd.it/vEE2,3
2026-06-21,The Twilight Saga: Breaking Dawn – Part 2,2012,https://boxd.it/DdC,3
2026-06-21,We're the Millers,2013,https://boxd.it/4srQ,3
2026-06-21,The Simpsons Movie,2007,https://boxd.it/6YU,4
2026-06-21,Rush,2013,https://boxd.it/3lyS,4
2026-06-21,Inside Man,2006,https://boxd.it/2auS,4
2026-06-21,The Last Dance,2020,https://boxd.it/pVfc,4
2026-06-21,Life After Beth,2014,https://boxd.it/7bqM,3
2026-06-21,Hoppers,2026,https://boxd.it/OFpg,3.5
2026-06-21,Boyhood,2014,https://boxd.it/3178,4.5
2026-06-21,Sonic the Hedgehog 3,2024,https://boxd.it/zq0U,3.5
2026-06-21,Paul,2011,https://boxd.it/13uE,3.5
2026-06-21,Barbie,2023,https://boxd.it/bCLK,4
2026-06-21,Wolf Children,2012,https://boxd.it/3Ipk,5
2026-06-23,Project Hail Mary,2026,https://boxd.it/pEeQ,4.5
2026-06-23,Four Weddings and a Funeral,1994,https://boxd.it/29KA,3.5
2026-06-24,My Best Friend's Wedding,1997,https://boxd.it/1ZHm,3
2026-06-26,Scary Movie,2000,https://boxd.it/24CG,3.5
2026-06-28,Little Women,1994,https://boxd.it/1YiU,5
2026-06-29,Little Women,2019,https://boxd.it/aSVk,5
2026-07-04,Locke,2013,https://boxd.it/6hHC,3.5
2026-07-11,Lawrence of Arabia,1962,https://boxd.it/2wRE,4.5
2026-07-12,A Little Princess,1995,https://boxd.it/1FHm,5
2026-07-13,The Banshees of Inisherin,2022,https://boxd.it/p7XS,5
2026-07-14,"Girl, Interrupted",1999,https://boxd.it/25ds,4
2026-07-18,Boogie Nights,1997,https://boxd.it/23um,4
2026-07-18,The Grand Budapest Hotel,2014,https://boxd.it/3ZqO,4.5
2026-07-18,Baby Driver,2017,https://boxd.it/bhF2,4
2026-07-18,Pulp Fiction,1994,https://boxd.it/29Pq,4.5
2026-07-18,Her,2013,https://boxd.it/4O24,4
2026-07-18,Fantastic Planet,1973,https://boxd.it/1KnQ,4.5
2026-07-18,A Clockwork Orange,1971,https://boxd.it/2aVE,3.5
2026-07-18,Fargo,1996,https://boxd.it/2aHM,5
2026-07-18,Election,1999,https://boxd.it/1YEc,4
2026-07-18,Eighth Grade,2018,https://boxd.it/hDMG,4.5
2026-07-18,The Dish & the Spoon,2011,https://boxd.it/2Raw,3.5
2026-07-19,Obsession,2025,https://boxd.it/PNqo,4
2026-07-20,Drumline,2002,https://boxd.it/1Q2Y,3.5
2026-07-25,Notting Hill,1999,https://boxd.it/2aeK,5
2026-07-26,Magnolia,1999,https://boxd.it/2aze,5
2026-07-27,Minority Report,2002,https://boxd.it/2aWi,4
